<?xml version="1.0" encoding="UTF-8" standalone="yes"?>
<post><type type="string">simple</type><title type="string">Bienvenido a Nibbleblog</title><content type="string">&lt;p&gt;Felicitaciones, ya tienes tu blog instalado y funcionando.&lt;/p&gt;&lt;p&gt;Publique ahora desde su panel de control &lt;a href="./admin.php"&gt;http://idoctor.mx/blog/admin.php&lt;/a&gt;&lt;/p&gt;&lt;p&gt;Siguenos en las redes sociales &lt;a target="_blank" href="https://www.facebook.com/nibbleblog"&gt;Facebook&lt;/a&gt;, &lt;a target="_blank" href="https://twitter.com/nibbleblog"&gt;Twitter&lt;/a&gt; y &lt;a target="_blank" href="https://plus.google.com/+Nibbleblog"&gt;Google+&lt;/a&gt;.&lt;/p&gt;</content><description type="string">Bienvenido a Nibbleblog</description><allow_comments type="string">1</allow_comments><pub_date type="integer">1506972313</pub_date><mod_date type="string">0</mod_date><visits type="string">0</visits></post>
